well_id,layer_group,y_coordinate,x_coordinate,mean_perforation_depth,porosity,permeability,water_saturation
W0035,L19,240218.3263,119563.7319,803.6615,0.44,42.73,0.464353
W0036,L17,240367.9067,120356.4342,709.652,0.44,41.07,0.4663914
W0037,L19,239716.8405,119720.251,778.1555,0.44,40.24,0.4434594
W0038,L18,239523.9339,118924.887,718.4855,0.415,59.33,0.5210369
W0039,L19,239829.0504,120517.1983,789.5045,0.44,32.77,0.4720243
W0040,L17,240086.681,120741.7738,647.642,0.4525,48.54,0.4976499
W0041,L19,240354.3095,121485.088,756.1595,0.4275,29.45,0.4817613
W0042,L19,239454.6477,119776.5865,749.6075,0.44,54.35,0.4435686
W0043,L19,239648.4199,120574.4286,749.198,0.415,21.98,0.5174424
W0044,L19,239915.0394,120996.7042,786.5795,0.4525,46.05,0.4799595
W0045,L19,240335.5598,121427.9705,822.6155,0.44,31.94,0.4707685
W0046,L19,240243.3131,120517.9376,804.773,0.4525,40.24,0.4605947
W0047,L19,240118.1102,119063.5181,751.1285,0.4275,41.9,0.4759464
W0048,L19,240353.1173,119991.1869,817.7015,0.44,34.43,0.4877582
W0049,L19,240390.1831,121068.2655,824.546,0.415,32.77,0.5161229
W0050,L19,239405.2707,120376.8802,774.4115,0.415,21.15,0.5400741
W0051,L19,239621.7318,120720.6295,797.8115,0.4525,43.56,0.4973769
W0052,L18,239447.7339,120237.3234,711.641,0.44,53.52,0.5170329
W0053,L19,239912.2914,121451.1716,784.883,0.4275,36.09,0.478094
W0054,L19,240601.341,119076.5209,772.1885,0.415,38.58,0.51231
W0055,L19,240126.8776,118511.8568,768.737,0.415,32.77,0.5195991
W0056,L19,239417.8,118452.0468,773.885,0.44,34.43,0.4862567
W0057,L19,239837.2192,119129.4361,788.8025,0.415,35.26,0.5206274
W0058,L19,239043.4305,119214.5988,765.695,0.4275,33.6,0.5234393
W0059,L19,239201.1747,120229.1632,762.419,0.415,23.64,0.5546796
W0060,L19,239422.0766,121154.564,765.1685,0.415,24.47,0.5356515
W0061,L19,240405.8944,121998.0322,775.4645,0.44,37.75,0.4531964
W0062,L18,239646.2494,119741.8913,664.7825,0.4525,56.84,0.4895054
W0063,L18,239700.0678,120287.2105,671.1005,0.4525,43.56,0.5289539
W0064,L18,239800.6723,120747.0633,713.9225,0.4525,50.2,0.5071412
W0065,L17,240087.5507,119601.0489,635.2985,0.44,64.31,0.4721062
W0066,L19,240094.9295,119855.9328,750.368,0.415,21.98,0.5543702
W0067,L17,239913.9439,120144.3245,632.666,0.44,39.41,0.5111543
W0068,L17,239671.5178,120714.4165,696.314,0.4525,52.69,0.5268427
W0069,L19,240519.4793,119252.0272,767.684,0.4275,28.62,0.4854468
W0071,L19,240746.3755,120254.1746,822.3815,0.44,25.3,0.5098621
W0072,L19,240687.0943,120676.4903,795.881,0.44,27.79,0.4876763
W0073,L19,239998.1837,118558.7492,763.472,0.415,34.43,0.5144849
W0074,L19,239543.4021,120011.8456,798.806,0.4525,46.88,0.4601488
W0076,L19,239291.0231,118937.9959,807.5225,0.4025,35.26,0.5131199
W0077,L19,240308.2608,118997.4862,770.5505,0.44,44.39,0.4741173
W0078,L19,240967.917,120113.6512,780.1445,0.415,21.15,0.5509122
W0079,L19,240902.948,120620.64,781.958,0.44,27.79,0.5142301
W0080,L19,239511.2484,119354.0369,759.6695,0.4275,30.28,0.4896783
W0081,L18,240059.5916,119883.3131,674.6105,0.4525,43.56,0.4956843
W0082,L18,240304.9017,119896.2961,712.928,0.465,32.77,0.5187255
W0083,L18,240323.5256,120708.2959,713.4545,0.465,58.5,0.4757553
W0084,L19,239590.1138,119171.3973,816.122,0.4275,35.26,0.4720425
W0085,L18,240088.1295,120860.0108,680.87,0.465,64.31,0.4983688
W0086,L18,239482.4577,119648.823,711.2315,0.465,52.69,0.503028
W0087,L19,239989.8132,120007.3919,813.899,0.4275,32.77,0.46226
W0088,L19,240419.3807,120758.8984,757.0955,0.44,33.6,0.4671194
W0089,L19,239389.0433,118973.1934,750.134,0.4025,37.75,0.4944649
W0090,L04,241572.0525,119890.7988,1080.308,0.3525,21.15,0.02
W0091,L04,240452.1534,119954.1219,1055.972,0.3525,36.09,0.5176062
W0092,L02,239809.7404,120592.1023,792.137,0.465,0.0,0.02
W0093,L02,239394.7254,119775.6626,934.526,0.415,12.02,0.494565
W0094,L02,239341.2304,120297.5454,932.888,0.415,15.34,0.4940736
W0096,L03,240391.2668,120902.5426,1014.9635,0.415,34.43,0.4599577
W0098,L03,240305.536,121549.6389,1023.2705,0.415,33.6,0.4621963
W0100,L03,240186.1614,122098.2514,965.3555,0.4025,31.94,0.5230662
W0101,L03,239977.6383,118697.3162,912.1205,0.44,46.88,0.4929452
W0102,L04,240305.2463,120532.497,1094.816,0.3525,21.15,0.5243129
W0103,L03,239985.6883,118692.8779,967.1105,0.39,14.51,0.5331308
W0104,L03,239567.0359,119101.8896,965.4725,0.39,29.45,0.5046114
W0105,L03,239023.1479,120402.5079,968.456,0.4275,38.58,0.4973496
W0107,L03,239521.836,119780.1739,950.087,0.3775,5.38,0.5418941
W0109,L03,239648.8506,120543.9275,850.286,0.4275,24.47,0.4823619
W0111,L03,239806.0178,120863.9914,1010.5175,0.4275,27.79,0.4805783
W0112,L03,240061.8587,120282.789,1007.2415,0.415,41.9,0.4525139
W0113,L04,240163.2274,121995.2032,1010.6345,0.365,21.98,0.5768745
W0116,L01,239656.7034,118920.1255,870.41,0.44,36.09,0.4676654
W0117,L01,239438.7463,120559.8846,887.843,0.4275,48.54,0.4859109
W0118,L01,239136.3198,119253.788,871.0535,0.415,32.77,0.5227295
W0119,L01,239052.8351,120511.3608,868.8305,0.415,35.26,0.5331035
W0120,L01,240117.4347,119972.702,860.0555,0.4275,37.75,0.447063
W0121,L01,240448.162,120283.8118,828.5825,0.4025,25.3,0.6021998
W0122,L04,240077.6116,120033.0126,1041.815,0.3775,19.49,0.5271521
W0123,L04,239717.0975,120740.673,1045.6175,0.3775,19.49,0.5467808
W0124,L02,240388.7423,123164.1742,986.5325,0.39,26.13,0.6330033
W0125,L04,240666.3787,120317.3364,1092.359,0.39,18.66,0.5189621
W0126,L04,240349.1428,120988.8785,1090.955,0.39,25.3,0.5248043
W0127,L04,239945.0894,120543.0748,1084.169,0.39,17.83,0.5237487
W0128,L04,239593.2303,119495.7311,1116.9875,0.39,19.49,0.5441145
W0129,L04,239910.6779,119930.2914,1112.6,0.39,17,0.5267335
W0130,L04,239849.4981,120573.412,1120.8485,0.39,17.83,0.5279074
W0131,L04,239841.5685,119318.4867,1117.5725,0.39,21.98,0.5160683
W0132,L04,240009.9104,118773.0431,1122.3695,0.4025,19.49,0.5254231
W0133,L04,240367.1908,119556.7338,1119.6785,0.4025,21.15,0.5179611
W0135,L02,240740.2003,120080.1482,946.928,0.4275,19.49,0.4724065
W0136,L03,240315.0102,120428.4745,964.8875,0.39,24.47,0.5284989
W0137,L03,240325.2206,120433.0514,974.0135,0.4275,54.35,0.4313746
W0138,L03,240292.5645,121139.4473,1020.2285,0.415,30.28,0.4680021
W0140,L03,240063.5096,120666.3262,1011.2195,0.415,31.94,0.4663732
W0141,L03,240059.8359,120695.5147,895.682,0.4275,33.6,0.5146214
W0142,L03,239941.3511,121512.6658,966.818,0.44,44.39,0.4742265
W0144,L03,239329.5898,119416.5495,984.251,0.39,23.64,0.5051665
W0146,L03,239358.8699,117919.2192,1039.7675,0.4275,31.94,0.4986691
W0149,L03,239563.2904,121336.6438,968.2805,0.415,36.09,0.494019
W0151,L02,240747.1647,118840.1692,951.14,0.4025,13.68,0.4960665
W0152,L02,240372.7933,118544.9185,947.981,0.4025,14.51,0.5151128
W0153,L02,240336.2562,118916.1624,941.6045,0.3525,9.53,0.5126831
W0154,L02,239958.235,118422.8195,938.387,0.4025,12.02,0.5494107
W0155,L02,239586.6871,118349.323,928.9685,0.415,10.36,0.5171785
W0156,L02,239549.4085,118843.2089,924.4055,0.39,5.38,0.5396191
W0157,L04,239302.1159,118644.1499,1027.892,0.4025,27.79,0.5196628
W0158,L02,240270.1834,119861.8549,934.643,0.365,12.02,0.5232209
W0159,L02,240574.9069,120470.7845,943.3595,0.4025,6.21,0.4910797
W0160,L02,240475.2451,120866.4318,941.663,0.4275,8.7,0.5018177
W0161,L02,240305.3919,121248.3585,941.3705,0.4275,13.68,0.4721972
W0162,L02,239955.9373,121629.893,944.12,0.415,17,0.5357607
W0163,L02,240007.4405,121974.7369,947.1035,0.4025,12.85,0.5679838
W0164,L02,239616.757,121198.5621,935.696,0.39,19.49,0.5114546
W0165,L02,239603.0077,120762.9122,932.888,0.415,12.85,0.4769565
W0166,L02,239216.4017,120593.3296,937.3925,0.4275,13.68,0.4871394
W0167,L02,239081.0922,120007.9953,869.357,0.415,24.47,0.5603034
W0170,L03,239399.5078,120956.9547,966.0575,0.415,26.96,0.5081149
W0171,L03,239501.5121,118413.2566,978.05,0.415,31.11,0.5091068
W0172,L03,239611.3593,118407.4871,1011.863,0.415,29.45,0.4965488
W0173,L03,240283.6435,118901.8418,974.9495,0.415,41.9,0.4559719
W0174,L03,240533.8074,119343.6549,1010.7515,0.4275,45.22,0.4334585
W0175,L03,239086.4484,119962.2631,963.9515,0.4275,31.11,0.4908158
W0177,L03,239107.7184,119112.3126,967.754,0.415,38.58,0.5110997
W0178,L03,240772.2486,120242.3158,982.73,0.4275,50.2,0.4511216
W0179,L04,239517.5076,119485.803,1003.7315,0.4025,0.0,0.02
W0180,L04,239652.1301,119900.7384,1039.592,0.4025,0.0,0.02
W0181,L04,239216.6865,119829.187,1025.6105,0.4025,0.0,0.02
W0182,L04,240297.0965,119286.2523,1150.4495,0.4025,0.0,0.02
W0183,L04,240025.9125,120429.831,1149.806,0.4025,0.0,0.02
W0186,L04,239393.7538,121285.4687,1068.7835,0.4025,0.0,0.02
W0187,L02,240923.0803,118380.0485,831.215,0.415,38.58,0.5466716
W0188,L19,239428.0445,122250.1933,912.53,0.4275,35.26,0.613138
W0191,L03,240474.1214,119024.0096,1010.927,0.4275,44.39,0.4403927
W0195,L03,239401.3387,120908.8705,1007.0075,0.415,26.96,0.5029825
W0197,L04,238535.8711,118413.9293,1043.0435,0.4025,24.47,0.6181066
W0198,L03,240495.6732,119293.3814,975.008,0.4275,41.07,0.4390277
W0199,L01,239389.1689,119195.8537,840.2825,0.4025,21.15,0.5188165
W0200,L01,240395.2852,120065.0913,871.2875,0.4275,35.26,0.4717695
W0203,L01,239691.7494,120657.8504,723.809,0.4275,36.09,0.4743266
W0204,L01,239716.2009,120680.4949,849.701,0.44,30.28,0.5177154
W0205,L01,239319.1845,120814.6368,791.8445,0.4025,50.2,0.6571911
W0206,L01,240240.5964,121232.8256,873.686,0.44,30.28,0.5177154
W0208,L04,238498.4735,119295.8165,1104.176,0.4025,29.45,0.5940553
W0209,L01,239907.3775,122228.9448,848.999,0.4275,33.6,0.5440508
W0210,L01,239069.1591,120380.9834,845.138,0.415,32.77,0.5351601
W0211,L01,240697.8841,119826.4236,821.4455,0.4275,35.26,0.4948198
W0212,L01,239949.8404,120600.7242,890.4755,0.4275,28.62,0.4675835
W0213,L04,238533.729,120429.9793,1023.329,0.415,12.85,0.655089
W0214,L03,240704.9443,120848.2302,957.224,0.415,52.69,0.4374625
W0215,L04,238716.6442,121422.9465,1009.64,0.415,21.15,0.6404016
W0217,L03,239776.8364,120123.5558,961.1435,0.39,48.54,0.4850555
W0218,L03,240606.5172,119753.0309,1000.982,0.4025,52.69,0.4273797
W0220,L03,241050.5351,119293.6015,1029.296,0.39,40.24,0.5274433
W0224,L04,239685.0693,119046.0014,1049.2445,0.415,0.0,0.02
W0226,L01,240171.8394,119137.9763,864.794,0.4025,22.81,0.4862203
W0227,L01,240305.3696,119732.4146,888.3695,0.0,0.0,0.48501
W0228,L01,240287.6645,120839.9977,1203.3335,0.4525,58.5,0.02
W0229,L01,239470.2784,120380.2326,844.9625,0.44,64.31,0.4447425
W0230,L01,240433.6481,118868.4411,899.309,0.39,21.98,0.5212553
W0231,L04,241048.3032,120169.1488,1091.2475,0.415,22.81,0.5706683
W0232,L01,239501.6878,119573.9792,860.1725,0.415,21.98,0.4871212
W0233,L04,239545.4474,120428.142,1251.83,0.415,34.43,0.5090795
W0234,L01,239570.4562,121277.5274,874.5635,0.4275,37.75,0.5107084
W0235,L02,239194.9828,118990.8341,936.866,0.39,15.34,0.5345413
W0236,L02,240282.056,119365.3266,935.8715,0.39,20.32,0.4572641
W0238,L01,240859.1099,120049.0181,875.324,0.415,34.43,0.5082423
W0242,L04,240707.418,121391.546,1082.531,0.4275,21.15,0.5692123
W0243,L01,240123.6602,120345.0288,810.0965,0.4025,25.3,0.5451428
W0244,L01,240367.974,120641.4948,894.3365,0.4275,34.43,0.45953
W0245,L01,240121.1768,120546.115,835.6025,0.4275,33.6,0.4780212
W0247,L01,240344.5888,121660.9506,880.9985,0.415,28.62,0.5349053
W0248,L01,238992.4335,119832.5162,852.509,0.4025,17,0.5525047
W0250,L01,239993.4526,119417.0221,891.119,0.39,10.36,0.02
W0251,L01,239920.2972,119507.2085,838.001,0.415,38.58,0.4790495
W0253,L04,240982.1578,122210.2642,1039.943,0.39,52.69,0.5266061
W0254,L01,239821.1153,119938.0548,864.56,0.4025,25.3,0.5365979
W0255,L04,240281.4777,119172.3075,1051.292,0.4275,0.0,0.02
W0256,L04,239925.5564,119612.5568,1076.8565,0.44,0.0,0.02
W0257,L04,239919.4195,119596.2707,1111.8395,0.44,32.77,0.5088611
W0258,L04,239554.4025,119897.5003,1078.4945,0.44,0.0,0.02
W0259,L04,239548.3503,119900.9341,1120.088,0.0,10.36,0.02
W0261,L04,240270.105,120065.1356,1116.227,0.0,22.81,0.4910433
W0263,L01,240437.148,120471.4173,1005.6035,0.4025,26.96,0.5116639
W0265,L04,239981.4647,120822.8129,950.204,0.44,36.09,0.4623146
W0270,L04,239942.7217,121270.7221,1121.726,0.0,35.26,0.5076599
W0277,L02,239940.0537,119831.5244,928.9685,0.39,6.21,0.4668464
W0278,L02,239609.7659,119449.7134,920.72,0.3775,5.38,0.5142483
W0279,L02,239611.0051,119458.1706,854.7905,0.4025,25.3,0.551167
W0280,L02,240691.7593,119322.2962,945.5825,0.4025,8.7,0.4417486
W0281,L02,240691.7192,119313.4363,900.0695,0.4275,45.22,0.5267881
W0282,L02,240729.7587,119700.7309,948.3905,0.39,9.53,0.4862385
W0283,L02,240731.9385,119691.8259,888.896,0.415,26.96,0.4877855
W0285,L02,240321.6676,119035.7158,917.3855,0.4025,16.17,0.4314838
W0287,L02,240264.7301,119618.1666,925.9265,0.39,9.53,0.4690486
W0288,L02,240406.5134,120191.9862,915.923,0.39,9.53,0.506577
W0289,L02,240562.8589,120379.1916,920.954,0.4025,7.04,0.4835904
W0290,L02,239901.8792,118962.0089,936.4565,0.39,6.21,0.5158681
W0292,L02,240074.5597,120159.8998,932.5955,0.39,7.87,0.4727705
W0294,L02,240135.492,120614.4627,906.2705,0.3775,5.38,0.4710506
W0296,L02,239800.3131,120597.7037,933.9995,0.4275,29.45,0.4709323
W0297,L07,239736.3898,119125.4051,1569.6605,0.39,30.28,0.4395464
W0298,L08,241270.3092,118260.2598,1399.4255,0.3775,22.81,0.5195445
W0299,L07,240526.3568,122580.2802,1365.1445,0.39,53.52,0.4835085
W0300,L07,240187.4857,118444.899,1329.401,0.4025,30.28,0.4019634
W0301,L08,239550.3732,119303.2679,1353.7955,0.3775,19.49,0.4991787
W0313,L05,240350.2721,121204.3965,1215.092,0.3775,14.51,0.4833447
W0314,L05,240865.9296,119124.0602,1220.825,0.39,20.32,0.4925903
W0315,L08,240207.9535,119725.4358,1354.4975,0.365,14.51,0.4529962
W0316,L05,239769.2688,119556.5315,1204.562,0.39,19.49,0.502755
W0317,L05,239424.7331,120650.9567,1211.8745,0.39,20.32,0.5044294
W0318,L05,240476.1159,119752.627,1210.178,0.39,21.15,0.4870029
W0319,L05,240458.0258,120223.7893,1210.646,0.39,20.32,0.4816703
W0320,L07,239769.2977,117983.8274,1324.838,0.39,26.13,0.4641619
W0321,L08,239792.0449,117388.0742,1363.2725,0.4275,49.37,0.4162049
W0322,L07,240272.3948,121734.1347,1309.4525,0.39,38.58,0.3974316
W0323,L07,239378.2119,118325.2363,1335.251,0.415,34.43,0.4255688
W0324,L07,239860.4974,118829.1625,1325.774,0.39,29.45,0.4326213
W0325,L07,239532.1703,119442.9496,1320.275,0.39,26.96,0.4624784
W0326,L07,239330.5464,119036.3064,1324.019,0.39,33.6,0.4575553
W0332,L08,239742.4907,118148.1487,1306.469,0.4025,43.56,0.4702407
W0337,L08,239813.1059,119784.1926,1358.066,0.365,12.85,0.4814701
W0338,L05,240653.8706,118455.32,1226.324,0.39,19.49,0.4823619
W0341,L05,241191.991,120128.3624,1232.642,0.39,19.49,0.4991878
W0343,L05,240852.3236,120847.7355,1226.9675,0.39,21.15,0.4725066
W0346,L05,240122.0167,121735.1361,1219.07,0.39,17.83,0.5136568
W0347,L05,239140.227,119177.7189,1210.997,0.4025,25.3,0.54507
W0352,L07,239668.7961,122906.8283,1331.273,0.39,39.41,0.5131017
W0353,L05,238948.0572,117896.472,1270.8425,0.4275,42.73,0.4034285
W0356,L08,239085.6164,119904.1648,1366.256,0.39,20.32,0.4511216
W0358,L08,241404.956,120121.5188,1395.4475,0.365,18.66,0.5109814
W0359,L07,239110.3293,120561.5704,1340.1065,0.39,33.6,0.4804145
W0362,L08,239062.2019,121615.3224,1388.6615,0.365,22.81,0.5351783
W0365,L02,238458.5902,119488.1475,1173.6155,0.415,21.98,0.5376808
W0366,L08,240130.6572,118784.7289,1336.889,0.4025,36.09,0.4072505
W0367,L07,240677.9929,120455.7104,1321.211,0.39,21.98,0.4116003
W0368,L07,240624.5495,121590.4747,1323.7265,0.4275,45.22,0.3927269
W0371,L08,239112.4878,119327.8423,1335.251,0.4025,36.09,0.4256962
W0374,L08,241258.0919,121220.8751,1392.347,0.39,17,0.5186345
W0376,L07,239789.6242,118374.2023,1291.961,0.39,36.92,0.5563358
W0377,L06,240745.6458,120056.1357,1256.5685,0.4025,28.62,0.5060583
W0378,L06,240032.2654,118700.3521,1254.872,0.3775,29.45,0.5321298
W0379,L06,240026.8462,119493.4065,1519.2335,0.4025,38.58,0.4678474
W0380,L06,239993.815,120281.2235,1233.7535,0.39,36.09,0.4926904
W0381,L06,240012.342,121059.3634,1252.3565,0.415,51.86,0.5087792
W0382,L05,240483.604,119104.3883,1196.606,0.4025,19.49,0.4920443
W0383,L05,239828.0348,119506.238,1185.4325,0.39,22.81,0.4845459
W0384,L04,240442.7951,120941.3457,850.5785,0.34,9.53,0.5498384
W0385,L08,241194.9778,122342.1413,1402.526,0.39,27.79,0.5445422
W0386,L05,239758.0402,118469.3742,1519.7015,0.3275,26.13,0.5515947
W0387,L05,240069.2943,120536.2528,1192.394,0.365,11.19,0.5076872
W0388,L05,239668.3578,120511.8231,1191.9845,0.39,15.34,0.5039562
W0389,L05,239692.3374,121418.831,1201.1105,0.415,33.6,0.4705774
W0390,L07,239138.0001,118655.0026,1276.5755,0.39,37.75,0.5693943
W0392,L07,240302.7807,119437.8598,1327.4705,0.4025,31.11,0.3872942
W0394,L07,240262.0914,120111.9939,1294.769,0.39,38.58,0.3865298
W0395,L07,240235.983,120839.3751,1299.683,0.4275,62.65,0.3702408
W0397,L07,239729.8779,119815.9816,1319.456,0.39,34.43,0.4118824
W0398,L01,240630.0547,119267.4962,1083.35,0.4025,27.79,0.5364068
W0399,L06,239697.9253,119607.9137,1224.92,0.4025,31.94,0.5267608
W0400,L07,239737.8827,119888.5836,1286.2865,0.4025,32.77,0.4032374
W0401,L07,239715.6441,120629.0761,1290.791,0.4025,35.26,0.4044295
W0402,L07,239734.6816,120487.0125,1283.42,0.4025,28.62,0.4933092
W0404,L07,239165.6943,119418.7217,1289.5625,0.39,29.45,0.4626695
W0405,L07,239109.9231,119510.7086,1272.773,0.4025,40.24,0.5462257
W0406,L07,239296.0965,120291.4879,1332.56,0.4025,27.79,0.4263605
W0407,L07,239198.9268,120340.1686,1296.875,0.4275,43.56,0.3909979
W0408,L07,240737.4979,119841.2737,1339.2875,0.4025,34.43,0.3853013
W0410,L07,240719.1177,120616.2974,1349.291,0.4025,33.6,0.3918442
W0412,L07,240267.5679,118991.8386,1293.8915,0.4025,34.43,0.4006075
W0414,L07,240207.6078,121290.7406,1319.1635,0.4025,36.09,0.3945105
W0415,L07,240203.7403,121278.6294,1271.1935,0.4025,41.07,0.4677018
W0416,L07,240750.2455,119395.4236,1338.0005,0.415,32.77,0.3918533
W0419,L06,240373.5817,119746.4998,1244.81,0.365,17.83,0.5322026
W0420,L06,239844.6398,120063.3217,1253.5265,0.39,29.45,0.4818887
W0421,L06,240369.3387,120035.8102,1222.6385,0.3775,31.11,0.4860656
W0422,L06,239567.9023,119219.1879,1220.123,0.3775,31.11,0.5453885
W0423,L06,239598.3168,120027.0609,1211.933,0.4025,34.43,0.4954204
W0424,L06,239634.549,120640.1002,1218.485,0.39,36.09,0.5189075
W0425,L06,239281.9224,118990.5567,1217.315,0.4025,36.09,0.5255869
W0426,L06,239239.6377,119569.8542,1216.847,0.39,33.6,0.5463531
W0427,L06,239176.369,120156.1994,1219.2455,0.415,32.77,0.5577099
W0430,L08,239866.2373,119216.6305,1353.737,0.365,12.02,0.491562
W0431,L05,239301.2841,119343.5936,1192.511,0.3775,16.17,0.5839088
W0432,L05,239563.2212,119755.9999,1184.2625,0.3775,15.34,0.5219287
W0433,L05,239553.0099,120217.8443,1184.3795,0.39,17.83,0.5140663
W0434,L05,239490.6065,120603.947,1151.9705,0.39,19.49,0.5068591
W0435,L05,239945.1657,120021.7533,1184.438,0.3775,12.02,0.5261238
W0436,L05,240037.9224,118866.3797,1207.6625,0.3775,13.68,0.5305009
W0437,L05,240472.3151,119382.3547,1208.423,0.4025,22.81,0.458347
W0438,L05,240131.0105,118438.2472,1210.4705,0.39,19.49,0.5143575
W0439,L05,240487.2112,118825.6994,1216.847,0.4025,20.32,0.4710233
W0440,L05,240521.8441,120742.6657,1214.858,0.3775,17,0.4937824
W0441,L08,240609.5943,121469.2683,1345.547,0.4025,43.56,0.3883134
W0442,L07,239918.6118,119487.1922,1289.7965,0.415,33.6,0.379268
W0443,L07,241073.1362,120280.5327,1313.6645,0.4025,27.79,0.390006
W0444,L07,240233.2173,120669.5409,1333.0865,0.39,29.45,0.3899059
W0445,L07,240626.7013,118962.123,1302.374,0.415,37.75,0.379541
W0447,L07,239325.8698,119892.1592,1292.9555,0.4025,34.43,0.418489
W0448,L07,240283.0574,118414.7019,1284.005,0.4025,30.28,0.4974315
W0449,L07,239818.567,118199.2561,1286.462,0.415,35.26,0.3787402
W0450,L07,239417.5892,118376.827,1294.2425,0.415,40.24,0.4027005
W0451,L07,240600.9381,121048.1869,1338.4685,0.39,23.64,0.4210916
W0455,L03,239741.3039,119052.3337,927.9155,0.44,46.88,0.465718
W0457,L07,241651.0303,122673.0066,1527.014,0.365,27.79,0.657
W0460,L10,241713.9033,118935.3342,1589.258,0.365,32.77,0.4946833
W0461,L10,240905.6777,123390.5609,1567.4375,0.365,15.34,0.5900422
W0468,L11,240009.3474,119335.4258,1568.432,0.3775,35.26,0.4159501
W0471,L10,239674.9534,120756.5288,1519.5845,0.3525,18.66,0.492017
W0474,L10,239776.3488,119028.0541,1521.749,0.365,17.83,0.4886136
W0475,L10,239965.1166,119348.3463,1519.5845,0.365,19.49,0.4545887
W0476,L10,239543.378,119534.4244,1519.058,0.3775,23.64,0.4854559
W0479,L11,240211.9052,121791.6122,1590.896,0.365,44.39,0.453433
W0481,L10,240133.0062,122813.834,1553.105,0.3525,16.17,0.5254049
W0482,L10,239815.6714,118245.2628,1530.5942,0.3775,28.62,0.4524957
W0483,L11,240204.7993,119076.2013,1581.9455,0.365,26.13,0.4462076
W0485,L10,239498.9992,118495.6625,1529.4125,0.365,25.3,0.4748271
W0487,L10,239810.6923,121997.7838,1538.1875,0.4025,36.09,0.4384635
W0491,L11,239336.9841,119977.6942,1520.8715,0.39,37.75,0.4377719
W0492,L09,240094.0911,119944.7149,1432.7705,0.3025,18.66,0.5701223
W0493,L09,240142.3213,119235.7236,1457.399,0.3275,28.62,0.5253594
W0496,L09,239383.2092,121142.5322,1529.7635,0.3525,26.13,0.4771476
W0497,L11,239490.0225,119228.1648,1567.9055,0.3775,39.41,0.4758463
W0503,L08,239381.7714,122121.158,1462.6055,0.3525,23.64,0.5553985
W0504,L11,240240.0522,119795.2831,1586.45,0.3775,28.62,0.4389094
W0507,L12,240081.1612,118513.5006,1714.7405,0.3525,22.81,0.593846
W0509,L10,238667.6351,120529.4155,1472.4335,0.3525,32.77,0.5325393
W0512,L10,240908.7806,122343.6912,1548.3665,0.3775,22.81,0.5044931
W0513,L07,241647.7572,118025.5421,1519.292,0.39,26.96,0.5097802
W0514,L11,240247.9628,121165.1687,1561.9385,0.3775,30.28,0.4478729
W0515,L09,239534.6433,118506.2416,1455.41,0.3025,26.13,0.5851373
W0516,L09,239762.4716,118817.8851,1438.6205,0.3275,21.15,0.615049
W0519,L10,241698.905,119816.8705,1556.615,0.365,29.45,0.4733074
W0520,L10,240233.8821,119139.0554,1517.42,0.0,11.19,0.5717148
W0521,L10,240263.7474,119960.4897,1523.972,0.0,20.32,0.4849736
W0522,L10,240147.8671,120717.9548,1521.515,0.3775,30.28,0.4526868
W0523,L09,239447.1463,119282.7623,1433.0045,0.3275,26.13,0.5592751
W0524,L09,239483.8597,119297.4189,1460.2655,0.3275,26.13,0.5816065
W0525,L10,240291.4599,121595.431,1532.981,0.3275,8.7,0.554261
W0526,L09,239327.3249,120568.2177,1481.852,0.315,21.98,0.5800959
W0527,L09,241111.1294,120013.2457,1487.351,0.3525,31.94,0.5059309
W0528,L09,241288.6005,121180.6057,1497.998,0.29,24.47,0.5536877
W0529,L09,240412.6276,119070.8494,1465.9985,0.3275,32.77,0.5191623
W0530,L12,239749.747,119317.9352,1642.025,0.4025,85.06,0.4250046
W0531,L09,240335.8897,120481.1073,1473.545,0.34,27.79,0.5292178
W0532,L09,240250.1515,121900.0256,1488.9305,0.3275,24.47,0.5185617
W0533,L09,239785.8385,119155.6329,1451.6075,0.315,25.3,0.5364523
W0534,L09,239727.9435,120558.3279,1464.3605,0.315,19.49,0.5864204
W0535,L09,239724.7707,119988.9937,1455.4685,0.3525,35.26,0.5135021
W0536,L11,239785.5458,119652.0748,1581.3488,0.3775,0.0,0.4375171
W0537,L11,239886.2591,120873.2693,1596.3365,0.365,20.32,0.4863386
W0538,L10,239275.9282,118808.1298,1466.642,0.4025,21.98,0.4644986
W0539,L11,239244.4848,119493.703,1548.7175,0.365,28.62,0.5309741
W0540,L11,240416.9045,119615.5611,1572.41,0.39,26.13,0.4631973
W0541,L09,240289.9168,120290.4912,1438.0355,0.34,0.0,0.4976681
W0542,L09,240208.8131,119628.3736,1387.4915,0.39,35.26,0.3681842
W0543,L09,240739.2164,119585.1691,1474.0715,0.315,15.34,0.5707957
W0544,L09,241072.138,120580.7957,1485.8885,0.3525,34.43,0.4722609
W0545,L09,239410.6827,119642.306,1461.9035,0.3275,23.64,0.5609586
W0546,L09,240698.4892,118859.8197,1476.353,0.3025,23.64,0.5502297
W0547,L09,240953.1417,119243.7825,1479.161,0.34,21.98,0.55417
W0548,L09,240429.258,118555.7103,1474.832,0.3025,21.15,0.5331581
W0552,L08,241649.2008,122034.6691,1451.549,0.3525,22.81,0.5765014
W0553,L09,240550.6794,119648.3574,1442.2475,0.3525,19.49,0.5552347
W0554,L09,240501.7541,120817.5315,1448.2145,0.315,20.32,0.5702224
W0555,L09,240002.2349,118237.7791,1466.993,0.3025,19.49,0.543523
W0557,L09,239967.6936,118756.8989,1467.812,0.3275,21.98,0.5604217
W0558,L09,240287.8357,119136.2129,1437.9185,0.315,28.62,0.5443147
W0559,L09,240123.7019,120002.2879,1462.196,0.315,20.32,0.5659272
W0560,L09,240035.5396,120750.01,1474.8905,0.3275,19.49,0.5796136
W0561,L09,239836.4091,119653.4393,1458.2765,0.3525,28.62,0.5298639
W0565,L11,240984.0821,118283.8698,1640.855,0.365,22.81,0.4434503
W0566,L11,240364.4132,120235.9819,1592.417,0.3775,33.6,0.4325212
W0567,L11,240237.393,120438.6308,1563.6935,0.39,26.96,0.4523774
W0568,L11,239648.1776,120582.2491,1579.3715,0.3525,0.0,0.4805328
W0573,L11,239914.4178,120106.4033,1569.602,0.3775,27.79,0.4390004
W0574,L11,239907.9655,120074.5779,1590.0185,0.3775,25.3,0.4462895
W0575,L11,240970.8537,119160.9421,1561.646,0.39,28.62,0.4127105
W0576,L09,239625.9615,120733.72,1440.1415,0.34,20.32,0.5780211
W0577,L09,239159.5711,119144.2349,1469.333,0.315,18.66,0.5673923
W0578,L09,239010.4153,119665.9549,1469.1575,0.34,21.98,0.5702861
W0579,L09,239128.1924,120016.8284,1465.94,0.3525,24.47,0.5681294
W0580,L09,238994.9641,118612.9073,1470.6785,0.34,29.45,0.5584561
W0582,L09,240816.4875,121096.1176,1486.649,0.3525,22.81,0.5611861
W0583,L09,240364.3648,121386.1049,1478.108,0.3275,19.49,0.5720333
W0584,L09,240750.3372,121725.8294,1486.4735,0.34,27.79,0.5250682
W0589,L11,239380.4322,119523.2344,1569.4265,0.365,34.43,0.4839544
W0590,L11,239598.0805,119376.8798,1588.439,0.3775,40.24,0.4677109
W0595,L10,241491.3514,117080.7148,1525.025,0.39,36.92,0.657
W0597,L08,239097.519,119200.636,1550.882,0.415,53.52,0.4914892
W0598,L13,240621.4657,118400.3535,1749.9575,0.39,41.9,0.4901333
W0599,L10,240602.5124,119389.799,1660.043,0.3775,31.11,0.4189076
W0602,L12,240537.9225,120512.9286,1725.5045,0.3775,23.64,0.4233939
W0603,L11,240487.9988,121568.2847,1274.2355,0.415,23.64,0.4622236
W0605,L08,239761.8597,118284.1851,1591.13,0.4025,45.22,0.4826531
W0609,L09,238928.8105,117770.2354,1482.086,0.39,53.52,0.5140117
W0610,L07,239093.8567,121516.0902,1469.9765,0.39,36.92,0.4575371
W0612,L12,238951.1708,120359.8313,1738.9595,0.415,36.09,0.4924629
W0613,L12,242051.4068,119332.8689,1634.7125,0.3775,36.09,0.5229297
W0614,L09,238683.1438,119282.4971,1556.3225,0.365,36.92,0.4760192
W0615,L12,240566.4817,118486.7385,1652.087,0.3275,15.34,0.5544703
W0616,L12,240559.6442,119500.7367,1654.544,0.34,15.34,0.5144394
W0617,L12,240555.8728,119460.5051,1629.623,0.0,21.98,0.500571
W0618,L12,240553.5937,121407.4153,1623.1295,0.3775,31.11,0.454252
W0619,L12,240531.8231,121455.6249,1662.7925,0.3025,5.38,0.5952656
W0620,L12,240566.5394,123083.4102,1678.646,0.315,17,0.3890869
W0621,L12,239760.6569,117895.4268,1645.184,0.3275,21.15,0.5396464
W0622,L10,239766.2618,120266.8802,1566.9695,0.3525,25.3,0.5178701
W0623,L12,239761.196,120317.1518,1655.129,0.34,21.98,0.5219196
W0624,L09,239696.3776,121189.9012,1541.2295,0.3275,24.47,0.5427677
W0625,L07,239697.5108,121239.7588,1501.4495,0.3775,30.28,0.4441874
W0626,L12,239014.2874,118526.2232,1593.938,0.0,17.83,0.5790403
W0627,L12,239021.4599,118575.7871,1605.1115,0.3025,17,0.5885134
W0629,L06,238388.2761,119922.4083,1457.867,0.365,19.49,0.5634611
W0630,L12,238656.445,120982.9821,1668.4085,0.3025,13.68,0.602491
W0631,L13,239901.8897,119169.2294,1703.6255,0.3775,31.11,0.5495108
W0632,L13,240142.0028,119817.7058,1682.7995,0.39,36.09,0.5326121
W0633,L09,239721.1504,121089.8447,1633.8935,0.3775,39.41,0.5376444
W0634,L13,240091.8378,120440.8813,1686.836,0.39,34.43,0.5020361
W0636,L12,239417.3089,120296.8126,1681.3955,0.39,48.54,0.5419578
W0637,L11,239714.0235,118981.7355,1586.216,0.3775,46.88,0.4347689
W0638,L10,239338.4659,119811.1704,1580.1905,0.3775,31.11,0.4593389
W0639,L11,240619.9979,119453.8795,1628.2775,0.39,37.75,0.535424
W0640,L13,240708.6671,120153.62,1692.686,0.39,40.24,0.5370529
W0641,L14,240582.0512,120085.1273,1762.7105,0.39,30.28,0.5031372
W0642,L14,240466.9529,120693.7502,1745.336,0.365,31.11,0.5931726
W0643,L14,239980.675,118889.6098,1771.31,0.39,56.84,0.4903244
W0644,L12,241341.9953,118130.7366,1682.0975,0.29,7.04,0.5425675
W0645,L14,240016.6781,119525.1096,1765.9865,0.3775,21.98,0.5377445
W0646,L14,239976.555,120193.1825,1768.3265,0.3775,26.96,0.5286354
W0647,L07,240025.0819,120865.574,1562.1725,0.4025,33.6,0.4069593
W0648,L14,239500.3102,118976.1208,1710.002,0.3775,39.41,0.5016539
W0649,L14,239363.8693,120085.6534,1769.321,0.39,28.62,0.5323937
W0650,L15,239867.3278,119001.0674,1798.454,0.34,12.02,0.7054939
W0651,L13,239892.2155,119603.3725,1732.0565,0.365,19.49,0.5776389
W0652,L15,239898.5086,120225.6998,1804.772,0.315,13.68,0.7004434
W0654,L12,241334.0095,118964.9169,1714.097,0.3775,32.77,0.6149671
W0655,L13,240499.1839,120126.0356,1699.355,0.39,41.07,0.5232209
W0656,L13,239686.1015,119077.7791,1666.6535,0.3775,29.45,0.6113453
W0657,L13,239604.2533,119655.5865,1657.235,0.39,32.77,0.4807876
W0659,L12,241263.3413,119921.4599,1729.658,0.44,50.2,0.4402926
W0660,L12,240291.2373,119084.0651,1663.553,0.365,51.03,0.5222927
W0661,L12,240269.4899,119027.9543,1641.557,0.3525,39.41,0.4997247
W0663,L12,240194.198,119850.7474,1654.9535,0.2775,16.17,0.6912979
W0664,L12,240163.4138,119972.2376,1642.376,0.0,19.49,0.6844638
W0665,L12,240076.4099,119882.5349,1616.9285,0.29,18.66,0.6617411
W0666,L12,239478.2498,118667.6901,1657.001,0.3025,16.17,0.6468808
W0667,L12,239804.8299,118852.329,1644.1895,0.29,15.34,0.7000248
W0668,L12,239459.8191,118592.5517,1626.464,0.29,16.17,0.6468626
W0669,L12,239263.765,119150.2383,1588.3805,0.39,46.05,0.4611953
W0672,L02,241279.4859,121103.7062,1263.0035,0.44,35.26,0.4676108
W0675,L12,239528.8129,119699.5379,1653.7835,0.34,9.53,0.6327576
W0676,L04,239607.2174,119683.7798,1380.413,0.315,7.04,0.6247041
W0677,L12,239509.3443,120039.263,1627.3415,0.3775,16.17,0.5395918
W0678,L12,239384.0651,119423.2059,1645.7105,0.365,0.0,0.5746177
W0679,L12,239784.7733,119717.0167,1636.877,0.365,19.49,0.5524137
W0680,L12,239447.0857,120762.2062,1651.0925,0.3275,10.36,0.5620233
W0681,L12,239834.3623,118901.822,1660.043,0.315,21.98,0.6432681
W0684,L13,240676.9754,119620.0505,1688.6495,0.39,36.92,0.5404381
W0690,L18,239999.8984,119516.4677,1186.7195,0.0,51.03,0.5473086
W0691,L18,239951.2404,120662.4012,1112.6,0.0,65.14,0.5520861
W0692,L18,240037.2091,120947.9667,1136,0.0,42.73,0.6198811
W0698,L03,240149.1986,119551.5888,1381.7,0.415,36.92,0.6185889
W0701,L01,239482.6079,119811.8631,1238.1995,0.44,29.45,0.657
W0714,L09,240193.4649,118338.8452,1515.2555,0.365,13.68,0.4650355
W0715,L07,238374.9499,119655.4779,1456.346,0.3775,24.47,0.4866025
W0718,L14,239673.2638,119519.1894,1878.248,0.4275,57.67,0.4737988
W0721,L09,240920.5095,121273.0418,1537.544,0.415,17.83,0.5174697
W0724,L09,239175.8606,118928.2374,1619.444,0.415,46.88,0.5280621
W0725,L12,240476.6273,122355.9325,1669.754,0.3525,24.47,0.5572367
W0728,L10,239697.901,119870.2544,1681.688,0.4275,73.44,0.415941
W0731,L07,241266.8357,120993.5347,1524.206,0.39,25.3,0.3918442
W0735,L11,240880.709,120110.2492,1563.635,0.3775,23.64,0.4536696
W0736,L06,240197.258,120590.5823,1407.9665,0.4025,37.75,0.4869938
W0745,L09,239732.02,120477.4985,1433.297,0.3275,23.64,0.5426676
W0746,L09,240182.0993,120881.8575,1441.3115,0.3025,16.17,0.5615228
W0748,L08,239354.5745,118740.3511,1619.912,0.39,17.83,0.4808968
W0749,L12,240160.4112,119715.6838,1305.182,0.4525,85.89,0.427043
W0750,L12,240144.7402,120811.8422,1135.649,0.4525,41.07,0.4851556
