well_id,layer_group,y_coordinate,x_coordinate,mean_perforation_depth
W0035,L19,240218.3263,119563.7319,803.6615
W0036,L17,240367.9067,120356.4342,709.652
W0037,L19,239716.8405,119720.251,778.1555
W0038,L18,239523.9339,118924.887,718.4855
W0039,L19,239829.0504,120517.1983,789.5045
W0040,L17,240086.681,120741.7738,647.642
W0041,L19,240354.3095,121485.088,756.1595
W0042,L19,239454.6477,119776.5865,749.6075
W0043,L19,239648.4199,120574.4286,749.198
W0044,L19,239915.0394,120996.7042,786.5795
W0045,L19,240335.5598,121427.9705,822.6155
W0046,L19,240243.3131,120517.9376,804.773
W0047,L19,240118.1102,119063.5181,751.1285
W0047,L18,240118.1102,119063.5181,751.1285
W0048,L19,240353.1173,119991.1869,817.7015
W0049,L19,240390.1831,121068.2655,824.546
W0050,L19,239405.2707,120376.8802,774.4115
W0050,L18,239405.2707,120376.8802,774.4115
W0051,L19,239621.7318,120720.6295,797.8115
W0052,L18,239447.7339,120237.3234,711.641
W0053,L19,239912.2914,121451.1716,784.883
W0054,L19,240601.341,119076.5209,772.1885
W0055,L19,240126.8776,118511.8568,768.737
W0056,L19,239417.8,118452.0468,773.885
W0057,L19,239837.2192,119129.4361,788.8025
W0058,L19,239043.4305,119214.5988,765.695
W0059,L19,239201.1747,120229.1632,762.419
W0060,L19,239422.0766,121154.564,765.1685
W0061,L19,240405.8944,121998.0322,775.4645
W0062,L18,239646.2494,119741.8913,664.7825
W0063,L18,239700.0678,120287.2105,671.1005
W0064,L18,239800.6723,120747.0633,713.9225
W0065,L17,240087.5507,119601.0489,635.2985
W0066,L19,240094.9295,119855.9328,750.368
W0067,L17,239913.9439,120144.3245,632.666
W0068,L17,239671.5178,120714.4165,696.314
W0069,L19,240519.4793,119252.0272,767.684
W0069,L18,240519.4793,119252.0272,767.684
W0070,L19,240618.7386,119665.5629,820.5095
W0071,L19,240746.3755,120254.1746,822.3815
W0072,L19,240687.0943,120676.4903,795.881
W0073,L19,239998.1837,118558.7492,763.472
W0073,L18,239998.1837,118558.7492,763.472
W0074,L19,239543.4021,120011.8456,798.806
W0075,L19,239286.409,119398.6275,810.623
W0076,L19,239291.0231,118937.9959,807.5225
W0077,L19,240308.2608,118997.4862,770.5505
W0078,L19,240967.917,120113.6512,780.1445
W0079,L19,240902.948,120620.64,781.958
W0080,L19,239511.2484,119354.0369,759.6695
W0081,L18,240059.5916,119883.3131,674.6105
W0082,L18,240304.9017,119896.2961,712.928
W0083,L18,240323.5256,120708.2959,713.4545
W0084,L19,239590.1138,119171.3973,816.122
W0085,L18,240088.1295,120860.0108,680.87
W0086,L18,239482.4577,119648.823,711.2315
W0087,L19,239989.8132,120007.3919,813.899
W0088,L19,240419.3807,120758.8984,757.0955
W0089,L19,239389.0433,118973.1934,750.134
W0090,L04,241572.0525,119890.7988,1080.308
W0091,L04,240452.1534,119954.1219,1055.972
W0091,L03,240452.1534,119954.1219,1055.972
W0092,L02,239809.7404,120592.1023,792.137
W0092,L18,239809.7404,120592.1023,792.137
W0093,L02,239394.7254,119775.6626,934.526
W0094,L02,239341.2304,120297.5454,932.888
W0095,L03,240392.8054,120893.1191,948.683
W0096,L03,240391.2668,120902.5426,1014.9635
W0097,L03,240314.8391,121551.0178,984.8945
W0098,L03,240305.536,121549.6389,1023.2705
W0099,L03,240221.0644,122064.3121,983.3735
W0100,L03,240186.1614,122098.2514,965.3555
W0100,L01,240186.1614,122098.2514,965.3555
W0101,L03,239977.6383,118697.3162,912.1205
W0102,L04,240305.2463,120532.497,1094.816
W0103,L03,239985.6883,118692.8779,967.1105
W0103,L02,239985.6883,118692.8779,967.1105
W0104,L03,239567.0359,119101.8896,965.4725
W0105,L03,239023.1479,120402.5079,968.456
W0106,L03,239511.8962,119780.2765,932.069
W0107,L03,239521.836,119780.1739,950.087
W0107,L02,239521.836,119780.1739,950.087
W0108,L03,239658.4361,120546.3457,962.255
W0109,L03,239648.8506,120543.9275,850.286
W0109,L18,239648.8506,120543.9275,850.286
W0110,L03,239805.3759,120854.3329,969.275
W0111,L03,239806.0178,120863.9914,1010.5175
W0112,L03,240061.8587,120282.789,1007.2415
W0113,L04,240163.2274,121995.2032,1010.6345
W0113,L02,240163.2274,121995.2032,1010.6345
W0114,L01,239823.3568,119947.5097,882.344
W0115,L01,239655.2595,118909.5687,834.9005
W0116,L01,239656.7034,118920.1255,870.41
W0117,L01,239438.7463,120559.8846,887.843
W0118,L01,239136.3198,119253.788,871.0535
W0119,L01,239052.8351,120511.3608,868.8305
W0120,L01,240117.4347,119972.702,860.0555
W0121,L01,240448.162,120283.8118,828.5825
W0122,L04,240077.6116,120033.0126,1041.815
W0123,L04,239717.0975,120740.673,1045.6175
W0124,L02,240388.7423,123164.1742,986.5325
W0124,L01,240388.7423,123164.1742,986.5325
W0125,L04,240666.3787,120317.3364,1092.359
W0126,L04,240349.1428,120988.8785,1090.955
W0127,L04,239945.0894,120543.0748,1084.169
W0128,L04,239593.2303,119495.7311,1116.9875
W0129,L04,239910.6779,119930.2914,1112.6
W0130,L04,239849.4981,120573.412,1120.8485
W0131,L04,239841.5685,119318.4867,1117.5725
W0132,L04,240009.9104,118773.0431,1122.3695
W0133,L04,240367.1908,119556.7338,1119.6785
W0134,L04,240309.2714,121380.29,1125.4115
W0135,L02,240740.2003,120080.1482,946.928
W0136,L03,240315.0102,120428.4745,964.8875
W0136,L02,240315.0102,120428.4745,964.8875
W0137,L03,240325.2206,120433.0514,974.0135
W0138,L03,240292.5645,121139.4473,1020.2285
W0139,L03,240292.2273,121149.4681,949.5605
W0140,L03,240063.5096,120666.3262,1011.2195
W0141,L03,240059.8359,120695.5147,895.682
W0141,L19,240059.8359,120695.5147,895.682
W0142,L03,239941.3511,121512.6658,966.818
W0142,L02,239941.3511,121512.6658,966.818
W0143,L03,239946.7973,121524.2135,976.763
W0144,L03,239329.5898,119416.5495,984.251
W0145,L03,239355.3555,119427.8111,921.9485
W0146,L03,239358.8699,117919.2192,1039.7675
W0147,L03,239824.4936,121910.2522,1021.2815
W0148,L03,239796.2465,121898.3563,989.633
W0149,L03,239563.2904,121336.6438,968.2805
W0149,L02,239563.2904,121336.6438,968.2805
W0150,L03,239578.8157,121365.3886,942.3065
W0150,L01,239578.8157,121365.3886,942.3065
W0151,L02,240747.1647,118840.1692,951.14
W0152,L02,240372.7933,118544.9185,947.981
W0153,L02,240336.2562,118916.1624,941.6045
W0154,L02,239958.235,118422.8195,938.387
W0155,L02,239586.6871,118349.323,928.9685
W0156,L02,239549.4085,118843.2089,924.4055
W0157,L04,239302.1159,118644.1499,1027.892
W0157,L03,239302.1159,118644.1499,1027.892
W0158,L02,240270.1834,119861.8549,934.643
W0159,L02,240574.9069,120470.7845,943.3595
W0160,L02,240475.2451,120866.4318,941.663
W0161,L02,240305.3919,121248.3585,941.3705
W0162,L02,239955.9373,121629.893,944.12
W0163,L02,240007.4405,121974.7369,947.1035
W0164,L02,239616.757,121198.5621,935.696
W0165,L02,239603.0077,120762.9122,932.888
W0166,L02,239216.4017,120593.3296,937.3925
W0167,L02,239081.0922,120007.9953,869.357
W0167,L19,239081.0922,120007.9953,869.357
W0168,L04,239220.7537,119224.5962,1074.224
W0169,L02,239147.7489,119389.9224,930.782
W0170,L03,239399.5078,120956.9547,966.0575
W0171,L03,239501.5121,118413.2566,978.05
W0172,L03,239611.3593,118407.4871,1011.863
W0173,L03,240283.6435,118901.8418,974.9495
W0174,L03,240533.8074,119343.6549,1010.7515
W0175,L03,239086.4484,119962.2631,963.9515
W0176,L03,239017.678,119508.598,945.4655
W0177,L03,239107.7184,119112.3126,967.754
W0178,L03,240772.2486,120242.3158,982.73
W0179,L04,239517.5076,119485.803,1003.7315
W0180,L04,239652.1301,119900.7384,1039.592
W0181,L04,239216.6865,119829.187,1025.6105
W0181,L03,239216.6865,119829.187,1025.6105
W0182,L04,240297.0965,119286.2523,1150.4495
W0183,L04,240025.9125,120429.831,1149.806
W0184,L04,,,
W0185,L04,,,
W0186,L04,239393.7538,121285.4687,1068.7835
W0187,L02,240923.0803,118380.0485,831.215
W0188,L19,239428.0445,122250.1933,912.53
W0189,L03,239651.5197,119438.1586,1004.1995
W0190,L03,239155.1896,118976.2444,952.6025
W0190,L01,239155.1896,118976.2444,952.6025
W0191,L03,240474.1214,119024.0096,1010.927
W0192,L03,240710.5945,120984.8377,1023.2705
W0193,L03,240578.091,121335.7395,1013.4425
W0194,L03,240532.4444,121984.6848,1023.9725
W0195,L03,239401.3387,120908.8705,1007.0075
W0196,L03,239092.7754,118741.0455,970.796
W0197,L04,238535.8711,118413.9293,1043.0435
W0198,L03,240495.6732,119293.3814,975.008
W0199,L01,239389.1689,119195.8537,840.2825
W0200,L01,240395.2852,120065.0913,871.2875
W0201,L01,239420.7303,119927.4839,771.9545
W0202,L01,239417.016,119903.6123,849.8765
W0203,L01,239691.7494,120657.8504,723.809
W0204,L01,239716.2009,120680.4949,849.701
W0205,L01,239319.1845,120814.6368,791.8445
W0205,L19,239319.1845,120814.6368,791.8445
W0206,L01,240240.5964,121232.8256,873.686
W0207,L01,239711.0413,121491.0087,840.8675
W0208,L04,238498.4735,119295.8165,1104.176
W0209,L01,239907.3775,122228.9448,848.999
W0210,L01,239069.1591,120380.9834,845.138
W0211,L01,240697.8841,119826.4236,821.4455
W0211,L19,240697.8841,119826.4236,821.4455
W0212,L01,239949.8404,120600.7242,890.4755
W0213,L04,238533.729,120429.9793,1023.329
W0213,L02,238533.729,120429.9793,1023.329
W0214,L03,240704.9443,120848.2302,957.224
W0215,L04,238716.6442,121422.9465,1009.64
W0215,L02,238716.6442,121422.9465,1009.64
W0216,L03,239751.9892,119468.6305,929.1557
W0216,L01,239751.9892,119468.6305,929.1557
W0217,L03,239776.8364,120123.5558,961.1435
W0218,L03,240606.5172,119753.0309,1000.982
W0219,L02,239991.2278,119291.6068,923.7035
W0220,L03,241050.5351,119293.6015,1029.296
W0221,L02,239941.3436,119818.2815,906.329
W0222,L02,239998.1039,120945.7555,929.6705
W0223,L02,239645.7891,120023.5931,918.965
W0224,L04,239685.0693,119046.0014,1049.2445
W0225,L04,239816.3131,120359.8868,1047.431
W0226,L01,240171.8394,119137.9763,864.794
W0227,L01,240305.3696,119732.4146,888.3695
W0228,L01,240287.6645,120839.9977,1203.3335
W0229,L01,239470.2784,120380.2326,844.9625
W0230,L01,240433.6481,118868.4411,899.309
W0231,L04,241048.3032,120169.1488,1091.2475
W0232,L01,239501.6878,119573.9792,860.1725
W0233,L04,239545.4474,120428.142,1251.83
W0234,L01,239570.4562,121277.5274,874.5635
W0235,L02,239194.9828,118990.8341,936.866
W0236,L02,240282.056,119365.3266,935.8715
W0237,L01,240348.0216,119720.0578,837.3575
W0238,L01,240859.1099,120049.0181,875.324
W0239,L01,240751.1907,120428.2241,884.9765
W0240,L01,239873.0826,121095.0598,870.059
W0241,L01,239877.5232,121104.1097,835.3685
W0242,L04,240707.418,121391.546,1082.531
W0243,L01,240123.6602,120345.0288,810.0965
W0243,L19,240123.6602,120345.0288,810.0965
W0244,L01,240367.974,120641.4948,894.3365
W0245,L01,240121.1768,120546.115,835.6025
W0246,L01,239946.2342,121196.9539,892.3475
W0247,L01,240344.5888,121660.9506,880.9985
W0248,L01,238992.4335,119832.5162,852.509
W0249,L01,239919.4747,119497.3103,833.672
W0250,L01,239993.4526,119417.0221,891.119
W0251,L01,239920.2972,119507.2085,838.001
W0252,L01,239819.3912,119927.4587,835.427
W0253,L04,240982.1578,122210.2642,1039.943
W0254,L01,239821.1153,119938.0548,864.56
W0255,L04,240281.4777,119172.3075,1051.292
W0256,L04,239925.5564,119612.5568,1076.8565
W0257,L04,239919.4195,119596.2707,1111.8395
W0258,L04,239554.4025,119897.5003,1078.4945
W0259,L04,239548.3503,119900.9341,1120.088
W0260,L04,240261.3723,120068.3354,1076.9735
W0261,L04,240270.105,120065.1356,1116.227
W0262,L04,240431.4879,120480.1902,1051.7015
W0263,L01,240437.148,120471.4173,1005.6035
W0264,L03,240098.5804,117641.1588,1051.175
W0265,L04,239981.4647,120822.8129,950.204
W0265,L01,239981.4647,120822.8129,950.204
W0266,L04,239979.5427,120813.1173,1087.679
W0267,L04,239983.6472,120832.688,1050.2975
W0267,L03,239983.6472,120832.688,1050.2975
W0268,L04,239939.9216,121253.0484,1051.292
W0269,L04,239941.5415,121261.8447,1086.9185
W0270,L04,239942.7217,121270.7221,1121.726
W0271,L03,240124.5026,119430.0846,967.403
W0272,L03,240118.0655,119422.5392,1008.1775
W0273,L03,240222.1881,119863.9639,968.8655
W0274,L03,240220.7097,119873.4672,1000.046
W0275,L04,240063.8676,118375.3995,1038.656
W0275,L03,240063.8676,118375.3995,1038.656
W0276,L03,239873.9441,119695.2742,993.728
W0277,L02,239940.0537,119831.5244,928.9685
W0278,L02,239609.7659,119449.7134,920.72
W0279,L02,239611.0051,119458.1706,854.7905
W0279,L19,239611.0051,119458.1706,854.7905
W0280,L02,240691.7593,119322.2962,945.5825
W0281,L02,240691.7192,119313.4363,900.0695
W0281,L01,240691.7192,119313.4363,900.0695
W0282,L02,240729.7587,119700.7309,948.3905
W0283,L02,240731.9385,119691.8259,888.896
W0283,L01,240731.9385,119691.8259,888.896
W0284,L02,240807.2614,120133.416,925.4
W0285,L02,240321.6676,119035.7158,917.3855
W0286,L04,240001.3496,119679.9049,1006.13
W0287,L02,240264.7301,119618.1666,925.9265
W0288,L02,240406.5134,120191.9862,915.923
W0289,L02,240562.8589,120379.1916,920.954
W0290,L02,239901.8792,118962.0089,936.4565
W0291,L02,239905.6381,118970.3204,914.519
W0292,L02,240074.5597,120159.8998,932.5955
W0293,L02,240082.8121,120156.5611,907.0895
W0294,L02,240135.492,120614.4627,906.2705
W0294,L01,240135.492,120614.4627,906.2705
W0295,L02,240133.4557,120624.8873,930.665
W0296,L02,239800.3131,120597.7037,933.9995
W0297,L07,239736.3898,119125.4051,1569.6605
W0298,L08,241270.3092,118260.2598,1399.4255
W0299,L07,240526.3568,122580.2802,1365.1445
W0300,L07,240187.4857,118444.899,1329.401
W0301,L08,239550.3732,119303.2679,1353.7955
W0302,L08,240210.5078,120383.5117,1362.8045
W0303,L08,240572.2651,120170.5097,1365.2615
W0304,L08,240018.3431,120901.3294,1363.097
W0305,L08,239558.3234,121192.6347,1365.203
W0306,L08,240691.3672,121888.8437,1373.393
W0307,L08,241609.9159,120596.8946,1398.782
W0309,L08,,,
W0310,L08,240455.7773,123522.9829,903.9305
W0311,L12,240964.0956,122940.3471,1667.7065
W0312,L08,241463.539,119153.9233,1392.113
W0313,L05,240350.2721,121204.3965,1215.092
W0314,L05,240865.9296,119124.0602,1220.825
W0315,L08,240207.9535,119725.4358,1354.4975
W0316,L05,239769.2688,119556.5315,1204.562
W0317,L05,239424.7331,120650.9567,1211.8745
W0318,L05,240476.1159,119752.627,1210.178
W0319,L05,240458.0258,120223.7893,1210.646
W0320,L07,239769.2977,117983.8274,1324.838
W0321,L08,239792.0449,117388.0742,1363.2725
W0321,L07,239792.0449,117388.0742,1363.2725
W0322,L07,240272.3948,121734.1347,1309.4525
W0323,L07,239378.2119,118325.2363,1335.251
W0324,L07,239860.4974,118829.1625,1325.774
W0325,L07,239532.1703,119442.9496,1320.275
W0326,L07,239330.5464,119036.3064,1324.019
W0327,L07,241134.895,121389.7153,1336.2455
W0328,L07,241036.0826,119975.136,1341.686
W0329,L07,241072.2561,120395.015,1348.004
W0330,L07,239510.4907,121548.2243,1338.761
W0331,L07,239960.9221,121684.8618,1342.505
W0332,L08,239742.4907,118148.1487,1306.469
W0332,L06,239742.4907,118148.1487,1306.469
W0333,L07,239472.734,120836.2882,1328.231
W0334,L07,240840.5534,121961.8651,1349.174
W0335,L07,240204.89,122137.229,1334.3735
W0336,L07,241070.9994,120731.1587,1333.613
W0337,L08,239813.1059,119784.1926,1358.066
W0338,L05,240653.8706,118455.32,1226.324
W0339,L05,240943.1275,118700.2638,1214.7995
W0340,L05,241186.825,119350.6721,1231.4135
W0341,L05,241191.991,120128.3624,1232.642
W0342,L05,240906.6733,120393.951,1231.004
W0343,L05,240852.3236,120847.7355,1226.9675
W0344,L05,240721.4869,121245.7137,1223.5745
W0345,L05,240570.262,121578.4179,1217.8415
W0346,L05,240122.0167,121735.1361,1219.07
W0347,L05,239140.227,119177.7189,1210.997
W0348,L05,240268.6911,122181.6842,1229.132
W0349,L08,240573.1092,122339.0734,1385.9705
W0350,L07,,,
W0351,L08,,,
W0352,L07,239668.7961,122906.8283,1331.273
W0353,L05,238948.0572,117896.472,1270.8425
W0354,L08,240119.0361,121373.762,1370.4095
W0355,L08,240555.8148,119804.8861,1412.0615
W0356,L08,239085.6164,119904.1648,1366.256
W0357,L08,240370.027,119255.5866,1354.6145
W0358,L08,241404.956,120121.5188,1395.4475
W0359,L07,239110.3293,120561.5704,1340.1065
W0361,L08,,,
W0362,L08,239062.2019,121615.3224,1388.6615
W0363,L07,238549.9871,120561.2227,1147.6415
W0363,L03,238549.9871,120561.2227,1147.6415
W0364,L08,238450.4807,118664.8438,1363.565
W0364,L07,238450.4807,118664.8438,1363.565
W0365,L02,238458.5902,119488.1475,1173.6155
W0366,L08,240130.6572,118784.7289,1336.889
W0366,L07,240130.6572,118784.7289,1336.889
W0367,L07,240677.9929,120455.7104,1321.211
W0368,L07,240624.5495,121590.4747,1323.7265
W0369,L07,,,
W0370,L08,,,
W0371,L08,239112.4878,119327.8423,1335.251
W0372,L07,,,
W0374,L08,241258.0919,121220.8751,1392.347
W0375,L07,240748.4841,118998.4466,1339.58
W0376,L07,239789.6242,118374.2023,1291.961
W0377,L06,240745.6458,120056.1357,1256.5685
W0378,L06,240032.2654,118700.3521,1254.872
W0379,L06,240026.8462,119493.4065,1519.2335
W0380,L06,239993.815,120281.2235,1233.7535
W0381,L06,240012.342,121059.3634,1252.3565
W0382,L05,240483.604,119104.3883,1196.606
W0383,L05,239828.0348,119506.238,1185.4325
W0384,L04,240442.7951,120941.3457,850.5785
W0385,L08,241194.9778,122342.1413,1402.526
W0386,L05,239758.0402,118469.3742,1519.7015
W0387,L05,240069.2943,120536.2528,1192.394
W0388,L05,239668.3578,120511.8231,1191.9845
W0389,L05,239692.3374,121418.831,1201.1105
W0390,L07,239138.0001,118655.0026,1276.5755
W0390,L06,239138.0001,118655.0026,1276.5755
W0391,L07,240193.9463,119995.3083,1322.1938
W0392,L07,240302.7807,119437.8598,1327.4705
W0393,L07,240325.7723,119469.3676,1293.482
W0394,L07,240262.0914,120111.9939,1294.769
W0395,L07,240235.983,120839.3751,1299.683
W0396,L08,240519.1948,117620.5837,1397.9045
W0397,L07,239729.8779,119815.9816,1319.456
W0398,L01,240630.0547,119267.4962,1083.35
W0399,L06,239697.9253,119607.9137,1224.92
W0400,L07,239737.8827,119888.5836,1286.2865
W0401,L07,239715.6441,120629.0761,1290.791
W0402,L07,239734.6816,120487.0125,1283.42
W0402,L06,239734.6816,120487.0125,1283.42
W0403,L07,239266.8218,118752.5104,1249.8995
W0403,L05,239266.8218,118752.5104,1249.8995
W0404,L07,239165.6943,119418.7217,1289.5625
W0405,L07,239109.9231,119510.7086,1272.773
W0406,L07,239296.0965,120291.4879,1332.56
W0407,L07,239198.9268,120340.1686,1296.875
W0408,L07,240737.4979,119841.2737,1339.2875
W0409,L07,240744.1349,119831.1386,1305.5915
W0410,L07,240719.1177,120616.2974,1349.291
W0411,L07,240709.1639,120619.04,1300.502
W0412,L07,240267.5679,118991.8386,1293.8915
W0413,L07,240258.9172,118995.9782,1294.0085
W0414,L07,240207.6078,121290.7406,1319.1635
W0415,L07,240203.7403,121278.6294,1271.1935
W0415,L06,240203.7403,121278.6294,1271.1935
W0416,L07,240750.2455,119395.4236,1338.0005
W0417,L07,,,
W0418,L08,,,
W0419,L06,240373.5817,119746.4998,1244.81
W0420,L06,239844.6398,120063.3217,1253.5265
W0421,L06,240369.3387,120035.8102,1222.6385
W0422,L06,239567.9023,119219.1879,1220.123
W0423,L06,239598.3168,120027.0609,1211.933
W0424,L06,239634.549,120640.1002,1218.485
W0425,L06,239281.9224,118990.5567,1217.315
W0426,L06,239239.6377,119569.8542,1216.847
W0427,L06,239176.369,120156.1994,1219.2455
W0428,L07,,,
W0429,L08,,,
W0430,L08,239866.2373,119216.6305,1353.737
W0431,L05,239301.2841,119343.5936,1192.511
W0432,L05,239563.2212,119755.9999,1184.2625
W0433,L05,239553.0099,120217.8443,1184.3795
W0434,L05,239490.6065,120603.947,1151.9705
W0434,L04,239490.6065,120603.947,1151.9705
W0435,L05,239945.1657,120021.7533,1184.438
W0436,L05,240037.9224,118866.3797,1207.6625
W0437,L05,240472.3151,119382.3547,1208.423
W0438,L05,240131.0105,118438.2472,1210.4705
W0439,L05,240487.2112,118825.6994,1216.847
W0440,L05,240521.8441,120742.6657,1214.858
W0441,L08,240609.5943,121469.2683,1345.547
W0442,L07,239918.6118,119487.1922,1289.7965
W0443,L07,241073.1362,120280.5327,1313.6645
W0444,L07,240233.2173,120669.5409,1333.0865
W0445,L07,240626.7013,118962.123,1302.374
W0446,L07,239328.212,119901.9139,1261.073
W0446,L06,239328.212,119901.9139,1261.073
W0447,L07,239325.8698,119892.1592,1292.9555
W0448,L07,240283.0574,118414.7019,1284.005
W0449,L07,239818.567,118199.2561,1286.462
W0450,L07,239417.5892,118376.827,1294.2425
W0451,L07,240600.9381,121048.1869,1338.4685
W0452,L07,,,
W0453,L08,,,
W0454,L11,,,1502.7365
W0455,L03,239741.3039,119052.3337,927.9155
W0455,L01,239741.3039,119052.3337,927.9155
W0456,L07,239757.053,121223.0636,1539.2405
W0457,L07,241651.0303,122673.0066,1527.014
W0458,L07,240427.0211,123322.1477,1368.5375
W0459,L10,,,1241.885
W0460,L10,241713.9033,118935.3342,1589.258
W0461,L10,240905.6777,123390.5609,1567.4375
W0462,L09,239567.6013,119641.5097,1487.7488
W0463,L09,239896.2554,120272.725,1489.0475
W0464,L09,239795.5865,119097.4506,1488.6146
W0465,L08,240144.0286,120938.8441,1416.098
W0466,L09,240407.3459,122152.8293,1519.2335
W0467,L11,239479.6261,118348.9861,1578.026
W0468,L11,240009.3474,119335.4258,1568.432
W0469,L10,240244.5119,117637.2474,1571.708
W0470,L11,241062.2462,120910.299,1594.5815
W0471,L10,239674.9534,120756.5288,1519.5845
W0472,L10,240563.7126,119759.8681,1528.418
W0473,L10,240193.0856,118620.9867,1531.343
W0474,L10,239776.3488,119028.0541,1521.749
W0475,L10,239965.1166,119348.3463,1519.5845
W0476,L10,239543.378,119534.4244,1519.058
W0478,L11,,,
W0479,L11,240211.9052,121791.6122,1590.896
W0480,L10,240635.4186,121356.6494,1538.597
W0481,L10,240133.0062,122813.834,1553.105
W0482,L10,239815.6714,118245.2628,1530.5942
W0483,L11,240204.7993,119076.2013,1581.9455
W0484,L10,241258.1623,119780.9913,1547.8985
W0485,L10,239498.9992,118495.6625,1529.4125
W0486,L08,239415.302,117801.1908,1486.2395
W0487,L10,239810.6923,121997.7838,1538.1875
W0488,L12,240845.9544,117620.0217,1658.2295
W0490,L11,,,
W0491,L11,239336.9841,119977.6942,1520.8715
W0491,L09,239336.9841,119977.6942,1520.8715
W0492,L09,240094.0911,119944.7149,1432.7705
W0493,L09,240142.3213,119235.7236,1457.399
W0494,L10,,,
W0495,L11,,,
W0496,L09,239383.2092,121142.5322,1529.7635
W0497,L11,239490.0225,119228.1648,1567.9055
W0498,L11,239999.9992,119384.6672,1571.942
W0499,L12,240560.7296,119793.795,1644.3065
W0500,L11,240032.948,120489.5152,1578.845
W0501,L10,,,
W0503,L08,239381.7714,122121.158,1462.6055
W0504,L11,240240.0522,119795.2831,1586.45
W0506,L11,,,
W0507,L12,240081.1612,118513.5006,1714.7405
W0508,L10,238552.6652,118305.6109,1529.9975
W0509,L10,238667.6351,120529.4155,1472.4335
W0509,L08,238667.6351,120529.4155,1472.4335
W0510,L12,238662.4808,121509.5897,1643.195
W0511,L08,240221.4736,116933.3779,1536.5495
W0512,L10,240908.7806,122343.6912,1548.3665
W0513,L07,241647.7572,118025.5421,1519.292
W0514,L11,240247.9628,121165.1687,1561.9385
W0514,L10,240247.9628,121165.1687,1561.9385
W0515,L09,239534.6433,118506.2416,1455.41
W0516,L09,239762.4716,118817.8851,1438.6205
W0518,L13,,,
W0519,L10,241698.905,119816.8705,1556.615
W0520,L10,240233.8821,119139.0554,1517.42
W0521,L10,240263.7474,119960.4897,1523.972
W0522,L10,240147.8671,120717.9548,1521.515
W0522,L09,240147.8671,120717.9548,1521.515
W0523,L09,239447.1463,119282.7623,1433.0045
W0524,L09,239483.8597,119297.4189,1460.2655
W0525,L10,240291.4599,121595.431,1532.981
W0526,L09,239327.3249,120568.2177,1481.852
W0527,L09,241111.1294,120013.2457,1487.351
W0528,L09,241288.6005,121180.6057,1497.998
W0529,L09,240412.6276,119070.8494,1465.9985
W0530,L12,239749.747,119317.9352,1642.025
W0531,L09,240335.8897,120481.1073,1473.545
W0532,L09,240250.1515,121900.0256,1488.9305
W0533,L09,239785.8385,119155.6329,1451.6075
W0534,L09,239727.9435,120558.3279,1464.3605
W0535,L09,239724.7707,119988.9937,1455.4685
W0536,L11,239785.5458,119652.0748,1581.3488
W0537,L11,239886.2591,120873.2693,1596.3365
W0538,L10,239275.9282,118808.1298,1466.642
W0538,L09,239275.9282,118808.1298,1466.642
W0539,L11,239244.4848,119493.703,1548.7175
W0540,L11,240416.9045,119615.5611,1572.41
W0541,L09,240289.9168,120290.4912,1438.0355
W0542,L09,240208.8131,119628.3736,1387.4915
W0542,L07,240208.8131,119628.3736,1387.4915
W0543,L09,240739.2164,119585.1691,1474.0715
W0544,L09,241072.138,120580.7957,1485.8885
W0545,L09,239410.6827,119642.306,1461.9035
W0546,L09,240698.4892,118859.8197,1476.353
W0547,L09,240953.1417,119243.7825,1479.161
W0548,L09,240429.258,118555.7103,1474.832
W0549,L09,240422.3537,118536.2459,1453.3625
W0550,L10,,,
W0551,L11,,,
W0552,L08,241649.2008,122034.6691,1451.549
W0552,L07,241649.2008,122034.6691,1451.549
W0553,L09,240550.6794,119648.3574,1442.2475
W0554,L09,240501.7541,120817.5315,1448.2145
W0555,L09,240002.2349,118237.7791,1466.993
W0556,L09,240123.7004,118830.1648,1439.147
W0557,L09,239967.6936,118756.8989,1467.812
W0558,L09,240287.8357,119136.2129,1437.9185
W0559,L09,240123.7019,120002.2879,1462.196
W0560,L09,240035.5396,120750.01,1474.8905
W0561,L09,239836.4091,119653.4393,1458.2765
W0562,L09,239761.1756,119991.111,1431.074
W0564,L10,,,
W0565,L11,240984.0821,118283.8698,1640.855
W0566,L11,240364.4132,120235.9819,1592.417
W0567,L11,240237.393,120438.6308,1563.6935
W0568,L11,239648.1776,120582.2491,1579.3715
W0569,L11,240165.8782,119912.5319,1560.593
W0570,L11,240803.2324,119715.4841,1593.938
W0571,L11,240350.8389,120740.554,1584.11
W0572,L11,240750.3981,119321.6831,1622.1935
W0573,L11,239914.4178,120106.4033,1569.602
W0574,L11,239907.9655,120074.5779,1590.0185
W0575,L11,240970.8537,119160.9421,1561.646
W0576,L09,239625.9615,120733.72,1440.1415
W0577,L09,239159.5711,119144.2349,1469.333
W0578,L09,239010.4153,119665.9549,1469.1575
W0579,L09,239128.1924,120016.8284,1465.94
W0580,L09,238994.9641,118612.9073,1470.6785
W0581,L09,240722.6808,122335.1738,1496.4185
W0582,L09,240816.4875,121096.1176,1486.649
W0583,L09,240364.3648,121386.1049,1478.108
W0584,L09,240750.3372,121725.8294,1486.4735
W0585,L09,240055.7726,122235.4479,1493.786
W0586,L10,,,
W0588,L09,241436.9373,118968.2432,1499.8115
W0589,L11,239380.4322,119523.2344,1569.4265
W0590,L11,239598.0805,119376.8798,1588.439
W0591,L11,240887.3989,120528.5551,1588.322
W0592,L11,239949.9136,121381.626,1584.2855
W0593,L11,240711.7173,119224.4906,1578.26
W0594,L11,240484.9593,121885.6124,1602.5375
W0595,L10,241491.3514,117080.7148,1525.025
W0596,L12,237990.14,119043.7901,1084.286
W0597,L08,239097.519,119200.636,1550.882
W0597,L07,239097.519,119200.636,1550.882
W0598,L13,240621.4657,118400.3535,1749.9575
W0599,L10,240602.5124,119389.799,1660.043
W0600,L13,,,
W0602,L12,240537.9225,120512.9286,1725.5045
W0603,L11,240487.9988,121568.2847,1274.2355
W0604,L11,240415.037,122360.2724,1667.765
W0605,L08,239761.8597,118284.1851,1591.13
W0607,L14,,,
W0608,L11,239669.2036,122170.2655,1207.838
W0609,L09,238928.8105,117770.2354,1482.086
W0609,L15,238928.8105,117770.2354,1482.086
W0610,L07,239093.8567,121516.0902,1469.9765
W0610,L05,239093.8567,121516.0902,1469.9765
W0611,L12,239196.0132,122527.3409,1674.551
W0612,L12,238951.1708,120359.8313,1738.9595
W0612,L11,238951.1708,120359.8313,1738.9595
W0613,L12,242051.4068,119332.8689,1634.7125
W0613,L10,242051.4068,119332.8689,1634.7125
W0614,L09,238683.1438,119282.4971,1556.3225
W0615,L12,240566.4817,118486.7385,1652.087
W0616,L12,240559.6442,119500.7367,1654.544
W0617,L12,240555.8728,119460.5051,1629.623
W0618,L12,240553.5937,121407.4153,1623.1295
W0618,L11,240553.5937,121407.4153,1623.1295
W0619,L12,240531.8231,121455.6249,1662.7925
W0620,L12,240566.5394,123083.4102,1678.646
W0621,L12,239760.6569,117895.4268,1645.184
W0622,L10,239766.2618,120266.8802,1566.9695
W0623,L12,239761.196,120317.1518,1655.129
W0624,L09,239696.3776,121189.9012,1541.2295
W0625,L07,239697.5108,121239.7588,1501.4495
W0626,L12,239014.2874,118526.2232,1593.938
W0626,L10,239014.2874,118526.2232,1593.938
W0627,L12,239021.4599,118575.7871,1605.1115
W0627,L11,239021.4599,118575.7871,1605.1115
W0628,L12,238317.9349,118477.4843,1613.594
W0629,L06,238388.2761,119922.4083,1457.867
W0630,L12,238656.445,120982.9821,1668.4085
W0631,L13,239901.8897,119169.2294,1703.6255
W0632,L13,240142.0028,119817.7058,1682.7995
W0632,L12,240142.0028,119817.7058,1682.7995
W0633,L09,239721.1504,121089.8447,1633.8935
W0634,L13,240091.8378,120440.8813,1686.836
W0634,L12,240091.8378,120440.8813,1686.836
W0635,L04,239357.2313,119566.8872,1301.672
W0635,L02,239357.2313,119566.8872,1301.672
W0636,L12,239417.3089,120296.8126,1681.3955
W0637,L11,239714.0235,118981.7355,1586.216
W0638,L10,239338.4659,119811.1704,1580.1905
W0639,L11,240619.9979,119453.8795,1628.2775
W0640,L13,240708.6671,120153.62,1692.686
W0641,L14,240582.0512,120085.1273,1762.7105
W0642,L14,240466.9529,120693.7502,1745.336
W0642,L13,240466.9529,120693.7502,1745.336
W0643,L14,239980.675,118889.6098,1771.31
W0644,L12,241341.9953,118130.7366,1682.0975
W0645,L14,240016.6781,119525.1096,1765.9865
W0646,L14,239976.555,120193.1825,1768.3265
W0647,L07,240025.0819,120865.574,1562.1725
W0648,L14,239500.3102,118976.1208,1710.002
W0648,L12,239500.3102,118976.1208,1710.002
W0649,L14,239363.8693,120085.6534,1769.321
W0650,L15,239867.3278,119001.0674,1798.454
W0651,L13,239892.2155,119603.3725,1732.0565
W0652,L15,239898.5086,120225.6998,1804.772
W0653,L20,239954.3818,119896.7321,1969.5665
W0653,L16,239954.3818,119896.7321,1969.5665
W0654,L12,241334.0095,118964.9169,1714.097
W0655,L13,240499.1839,120126.0356,1699.355
W0656,L13,239686.1015,119077.7791,1666.6535
W0656,L12,239686.1015,119077.7791,1666.6535
W0657,L13,239604.2533,119655.5865,1657.235
W0657,L12,239604.2533,119655.5865,1657.235
W0658,L13,240108.1684,119476.7018,1685.4905
W0659,L12,241263.3413,119921.4599,1729.658
W0660,L12,240291.2373,119084.0651,1663.553
W0661,L12,240269.4899,119027.9543,1641.557
W0662,L12,240237.5959,119065.8868,1621.9595
W0663,L12,240194.198,119850.7474,1654.9535
W0664,L12,240163.4138,119972.2376,1642.376
W0665,L12,240076.4099,119882.5349,1616.9285
W0666,L12,239478.2498,118667.6901,1657.001
W0667,L12,239804.8299,118852.329,1644.1895
W0668,L12,239459.8191,118592.5517,1626.464
W0669,L12,239263.765,119150.2383,1588.3805
W0671,L14,,,
W0672,L02,241279.4859,121103.7062,1263.0035
W0672,L01,241279.4859,121103.7062,1263.0035
W0673,L12,239266.447,119036.6519,1641.791
W0674,L12,239152.0264,119186.2321,1626.2885
W0675,L12,239528.8129,119699.5379,1653.7835
W0676,L04,239607.2174,119683.7798,1380.413
W0677,L12,239509.3443,120039.263,1627.3415
W0678,L12,239384.0651,119423.2059,1645.7105
W0679,L12,239784.7733,119717.0167,1636.877
W0680,L12,239447.0857,120762.2062,1651.0925
W0681,L12,239834.3623,118901.822,1660.043
W0682,L11,240587.1939,117479.1889,1639.1
W0683,L12,240197.2565,120334.5217,1663.319
W0684,L13,240676.9754,119620.0505,1688.6495
W0685,L19,240601.2771,120263.8441,1212.05
W0686,L19,240610.909,120868.0038,1150.04
W0687,L19,239806.6104,118790.8848,1197.425
W0688,L19,239673.3904,120006.5504,1169.345
W0689,L19,239802.5385,121207.8202,1153.55
W0690,L18,239999.8984,119516.4677,1186.7195
W0691,L18,239951.2404,120662.4012,1112.6
W0692,L18,240037.2091,120947.9667,1136
W0693,L03,239728.341,119183.1835,1382.285
W0694,L03,239784.2682,120278.4793,1370
W0695,L03,240149.9259,121245.9315,1342.7975
W0695,L01,240149.9259,121245.9315,1342.7975
W0696,L03,239463.5829,120012.2668,1167.473
W0696,L19,239463.5829,120012.2668,1167.473
W0697,L03,240628.0153,120685.8245,1415.63
W0698,L03,240149.1986,119551.5888,1381.7
W0699,L03,240042.8086,119529.7103,1422.65
W0700,L03,240034.6754,120977.1725,1229.483
W0700,L19,240034.6754,120977.1725,1229.483
W0701,L01,239482.6079,119811.8631,1238.1995
W0702,L03,239274.3261,119679.1957,1350.11
W0703,L06,240051.8166,119374.6695,1615.7
W0704,L05,240089.6961,119506.5238,1295.1785
W0704,L19,240089.6961,119506.5238,1295.1785
W0705,L06,240155.2164,120669.218,1623.89
W0706,L05,239446.8051,120092.5251,1608.095
W0707,L05,239591.2856,119317.5151,1612.31285
W0708,L05,239812.4702,120446.6757,1261.541
W0708,L19,239812.4702,120446.6757,1261.541
W0709,L05,240776.816,120183.9053,1574.75
W0710,L06,240818.2836,120548.3321,1662.5
W0711,L11,240868.6439,120460.2975,2081.711
W0712,L11,240317.7548,118712.9839,1887.023
W0712,L07,240317.7548,118712.9839,1887.023
W0713,L09,240764.0175,119973.1738,1980.74
W0714,L09,240193.4649,118338.8452,1515.2555
W0715,L07,238374.9499,119655.4779,1456.346
W0716,L10,,,
W0718,L14,239673.2638,119519.1894,1878.248
W0720,L20,,,
W0721,L09,240920.5095,121273.0418,1537.544
W0723,L11,,,
W0724,L09,239175.8606,118928.2374,1619.444
W0725,L12,240476.6273,122355.9325,1669.754
W0727,L13,,,
W0728,L10,239697.901,119870.2544,1681.688
W0729,L14,,,
W0731,L07,241266.8357,120993.5347,1524.206
W0732,L10,,,
W0733,L11,,,
W0734,L09,240244.1272,119484.8131,1670.456
W0735,L11,240880.709,120110.2492,1563.635
W0736,L06,240197.258,120590.5823,1407.9665
W0737,L10,,,
W0738,L11,,,
W0738,L06,,,
W0739,L07,241349.8943,119107.9612,1329.05
W0740,L12,239779.6243,123148.1173,1673.615
W0741,L12,241092.4516,122445.1944,1674.785
W0742,L07,239773.0628,117219.8169,1500.338
W0743,L09,240208.6772,119638.994,1356.896
W0743,L07,240208.6772,119638.994,1356.896
W0744,L09,239834.3012,119605.944,1427.798
W0745,L09,239732.02,120477.4985,1433.297
W0746,L09,240182.0993,120881.8575,1441.3115
W0747,L09,239405.4809,119650.3578,1434.935
W0748,L08,239354.5745,118740.3511,1619.912
W0749,L12,240160.4112,119715.6838,1305.182
W0749,L18,240160.4112,119715.6838,1305.182
W0750,L12,240144.7402,120811.8422,1135.649
W0751,L09,240551.4916,119574.4954,1942.13
